{"cameraMode":{"drawMode":0,"name":"Shaded","section":"Shading Mode"},"sceneLighting":false,"audioPlay":false,"sceneViewState":{"m_AlwaysRefresh":false,"showFog":true,"showSkybox":false,"showFlares":true,"showImageEffects":true,"showParticleSystems":true,"showVisualEffectGraphs":true,"m_FxEnabled":true},"in2DMode":false,"pivot":{"x":-12.972280502319336,"y":-5.023515701293945,"z":-15.572310447692871},"rotation":{"x":-0.0041801054030656818,"y":0.9927563667297363,"z":-0.11457151174545288,"w":-0.036327995359897616},"size":11.925186157226563,"orthographic":false}