{"cameraMode":{"drawMode":0,"name":"Shaded","section":"Shading Mode"},"sceneLighting":true,"audioPlay":false,"sceneViewState":{"m_AlwaysRefresh":false,"showFog":true,"showSkybox":true,"showFlares":true,"showImageEffects":true,"showParticleSystems":true,"showVisualEffectGraphs":true,"m_FxEnabled":true},"in2DMode":false,"pivot":{"x":-13.198931694030762,"y":-6.03362512588501,"z":32.810306549072269},"rotation":{"x":0.07357795536518097,"y":-0.006298705004155636,"z":0.00046709354501217604,"w":0.9972429275512695},"size":22.74024200439453,"orthographic":false}