{"cameraMode":{"drawMode":0,"name":"Shaded","section":"Shading Mode"},"sceneLighting":true,"audioPlay":false,"sceneViewState":{"m_AlwaysRefresh":false,"showFog":true,"showSkybox":true,"showFlares":true,"showImageEffects":true,"showParticleSystems":true,"showVisualEffectGraphs":true,"m_FxEnabled":true},"in2DMode":false,"pivot":{"x":1006.75927734375,"y":441.44183349609377,"z":1324.8785400390625},"rotation":{"x":0.04933151975274086,"y":-0.008239515125751496,"z":0.00040724637801758945,"w":0.9987518191337586},"size":1216.125732421875,"orthographic":false}