{"cameraMode":{"drawMode":0,"name":"Shaded","section":"Shading Mode"},"sceneLighting":true,"audioPlay":false,"sceneViewState":{"m_AlwaysRefresh":false,"showFog":true,"showSkybox":true,"showFlares":true,"showImageEffects":true,"showParticleSystems":true,"showVisualEffectGraphs":true,"m_FxEnabled":true},"in2DMode":false,"pivot":{"x":5.856293678283691,"y":-8.951078414916993,"z":28.54735565185547},"rotation":{"x":0.14016547799110413,"y":0.08423209190368653,"z":-0.011973272077739239,"w":0.9864382147789002},"size":21.225780487060548,"orthographic":false}