{"cameraMode":{"drawMode":0,"name":"Shaded","section":"Shading Mode"},"sceneLighting":true,"audioPlay":false,"sceneViewState":{"m_AlwaysRefresh":false,"showFog":true,"showSkybox":true,"showFlares":true,"showImageEffects":true,"showParticleSystems":true,"showVisualEffectGraphs":true,"m_FxEnabled":true},"in2DMode":false,"pivot":{"x":0.6531713008880615,"y":1.4820427894592286,"z":0.7167549133300781},"rotation":{"x":-0.44102755188941958,"y":0.02234928496181965,"z":-0.010987617075443268,"w":-0.8971440196037293},"size":8.9064302444458,"orthographic":true}