{"cameraMode":{"drawMode":0,"name":"Shaded","section":"Shading Mode"},"sceneLighting":true,"audioPlay":false,"sceneViewState":{"m_AlwaysRefresh":false,"showFog":true,"showSkybox":true,"showFlares":true,"showImageEffects":true,"showParticleSystems":true,"showVisualEffectGraphs":true,"m_FxEnabled":true},"in2DMode":false,"pivot":{"x":1126.67333984375,"y":530.2609252929688,"z":-403.2122802734375},"rotation":{"x":-0.10331399738788605,"y":-0.05128489434719086,"z":0.0053438772447407249,"w":-0.9932266473770142},"size":208.57244873046876,"orthographic":false}