{"cameraMode":{"drawMode":0,"name":"Shaded","section":"Shading Mode"},"sceneLighting":true,"audioPlay":true,"sceneViewState":{"m_AlwaysRefresh":false,"showFog":true,"showSkybox":true,"showFlares":true,"showImageEffects":true,"showParticleSystems":true,"showVisualEffectGraphs":true,"m_FxEnabled":true},"in2DMode":false,"pivot":{"x":1083.3399658203125,"y":520.5728759765625,"z":115.18877410888672},"rotation":{"x":-0.08396566659212113,"y":-0.055652450770139697,"z":-0.004066600929945707,"w":0.9950798749923706},"size":570.1044311523438,"orthographic":false}