{"cameraMode":{"drawMode":0,"name":"Shaded","section":"Shading Mode"},"sceneLighting":true,"audioPlay":false,"sceneViewState":{"m_AlwaysRefresh":false,"showFog":true,"showSkybox":true,"showFlares":true,"showImageEffects":true,"showParticleSystems":true,"showVisualEffectGraphs":true,"m_FxEnabled":true},"in2DMode":false,"pivot":{"x":-0.40630608797073367,"y":-0.18682098388671876,"z":-0.4272785186767578},"rotation":{"x":-0.5432642102241516,"y":0.011467927135527134,"z":-0.007405399344861507,"w":-0.8395015597343445},"size":8.39240550994873,"orthographic":false}