{"cameraMode":{"drawMode":0,"name":"Shaded","section":"Shading Mode"},"sceneLighting":true,"audioPlay":false,"sceneViewState":{"m_AlwaysRefresh":false,"showFog":true,"showSkybox":true,"showFlares":true,"showImageEffects":true,"showParticleSystems":true,"showVisualEffectGraphs":true,"m_FxEnabled":true},"in2DMode":false,"pivot":{"x":467.9283752441406,"y":163.50941467285157,"z":1300.3299560546875},"rotation":{"x":-0.15042363107204438,"y":-0.06800944358110428,"z":0.010383514687418938,"w":-0.9862672090530396},"size":1101.45361328125,"orthographic":false}