{"cameraMode":{"drawMode":0,"name":"Shaded","section":"Shading Mode"},"sceneLighting":true,"audioPlay":false,"sceneViewState":{"m_AlwaysRefresh":false,"showFog":true,"showSkybox":true,"showFlares":true,"showImageEffects":true,"showParticleSystems":true,"showVisualEffectGraphs":true,"m_FxEnabled":true},"in2DMode":false,"pivot":{"x":1.8365013599395753,"y":-6.603302478790283,"z":2.219557762145996},"rotation":{"x":-0.42532798647880556,"y":0.014372069388628006,"z":-0.006804588250815868,"w":-0.9049760103225708},"size":37.36414337158203,"orthographic":false}