{"cameraMode":{"drawMode":0,"name":"Shaded","section":"Shading Mode"},"sceneLighting":true,"audioPlay":false,"sceneViewState":{"m_AlwaysRefresh":false,"showFog":true,"showSkybox":true,"showFlares":true,"showImageEffects":true,"showParticleSystems":true,"showVisualEffectGraphs":true,"m_FxEnabled":true},"in2DMode":false,"pivot":{"x":0.6423337459564209,"y":2.37553334236145,"z":0.16631698608398438},"rotation":{"x":0.028256671503186227,"y":0.08163020014762879,"z":-0.0023117174860090019,"w":0.9962844848632813},"size":11.38453197479248,"orthographic":false}