{"cameraMode":{"drawMode":0,"name":"Shaded","section":"Shading Mode"},"sceneLighting":true,"audioPlay":false,"sceneViewState":{"m_AlwaysRefresh":false,"showFog":true,"showSkybox":true,"showFlares":true,"showImageEffects":true,"showParticleSystems":true,"showVisualEffectGraphs":true,"m_FxEnabled":true},"in2DMode":false,"pivot":{"x":27.62432098388672,"y":-8.114837646484375,"z":0.38701558113098147},"rotation":{"x":0.12827998399734498,"y":0.6586368680000305,"z":-0.11536543816328049,"w":0.7323780059814453},"size":13.034796714782715,"orthographic":false}