{"cameraMode":{"drawMode":0,"name":"Shaded","section":"Shading Mode"},"sceneLighting":false,"audioPlay":false,"sceneViewState":{"m_AlwaysRefresh":false,"showFog":true,"showSkybox":false,"showFlares":true,"showImageEffects":true,"showParticleSystems":true,"showVisualEffectGraphs":true,"m_FxEnabled":true},"in2DMode":false,"pivot":{"x":3.337899923324585,"y":1.2810457944869996,"z":-4.589810371398926},"rotation":{"x":0.28874117136001589,"y":0.17155121266841889,"z":-0.05267498642206192,"w":0.9404188990592957},"size":1.6590689420700074,"orthographic":false}