{"cameraMode":{"drawMode":0,"name":"Shaded","section":"Shading Mode"},"sceneLighting":false,"audioPlay":false,"sceneViewState":{"m_AlwaysRefresh":false,"showFog":true,"showSkybox":false,"showFlares":true,"showImageEffects":true,"showParticleSystems":true,"showVisualEffectGraphs":true,"m_FxEnabled":true},"in2DMode":false,"pivot":{"x":-10.976537704467774,"y":-0.2391510307788849,"z":0.9091728329658508},"rotation":{"x":0.005481804721057415,"y":-0.9861825704574585,"z":0.16208364069461823,"w":0.0332779698073864},"size":1.6590689420700074,"orthographic":false}