{"cameraMode":{"drawMode":0,"name":"Shaded","section":"Shading Mode"},"sceneLighting":false,"audioPlay":false,"sceneViewState":{"m_AlwaysRefresh":false,"showFog":true,"showSkybox":false,"showFlares":true,"showImageEffects":true,"showParticleSystems":true,"showVisualEffectGraphs":true,"m_FxEnabled":true},"in2DMode":false,"pivot":{"x":3.5801563262939455,"y":-3.4802539348602297,"z":21.089736938476564},"rotation":{"x":0.12655219435691834,"y":-0.16902755200862885,"z":0.022370055317878724,"w":0.9773347973823547},"size":8.000312805175782,"orthographic":false}