{"cameraMode":{"drawMode":0,"name":"Shaded","section":"Shading Mode"},"sceneLighting":false,"audioPlay":false,"sceneViewState":{"m_AlwaysRefresh":false,"showFog":true,"showSkybox":false,"showFlares":true,"showImageEffects":true,"showParticleSystems":true,"showVisualEffectGraphs":true,"m_FxEnabled":true},"in2DMode":false,"pivot":{"x":0.32525634765625,"y":0.20585155487060548,"z":0.13429880142211915},"rotation":{"x":0.2937059700489044,"y":-0.03942039608955383,"z":0.012105868197977543,"w":0.9550331830978394},"size":4.761906147003174,"orthographic":false}