{"cameraMode":{"drawMode":0,"name":"Shaded","section":"Shading Mode"},"sceneLighting":false,"audioPlay":false,"sceneViewState":{"m_AlwaysRefresh":false,"showFog":true,"showSkybox":false,"showFlares":true,"showImageEffects":true,"showParticleSystems":true,"showVisualEffectGraphs":true,"m_FxEnabled":true},"in2DMode":false,"pivot":{"x":-12.08657455444336,"y":-0.061097897589206699,"z":2.319369316101074},"rotation":{"x":-0.10751187801361084,"y":0.049350008368492129,"z":-0.005335401743650436,"w":-0.9929726123809815},"size":2.1605379581451418,"orthographic":false}