{"cameraMode":{"drawMode":0,"name":"Shaded","section":"Shading Mode"},"sceneLighting":false,"audioPlay":false,"sceneViewState":{"m_AlwaysRefresh":false,"showFog":true,"showSkybox":false,"showFlares":true,"showImageEffects":true,"showParticleSystems":true,"showVisualEffectGraphs":true,"m_FxEnabled":true},"in2DMode":false,"pivot":{"x":-11.182214736938477,"y":-0.3660488724708557,"z":-3.799144744873047},"rotation":{"x":-0.002090944442898035,"y":-0.9978770613670349,"z":0.0417875312268734,"w":-0.049889449030160907},"size":1.2257676124572755,"orthographic":false}