{"cameraMode":{"drawMode":0,"name":"Shaded","section":"Shading Mode"},"sceneLighting":false,"audioPlay":false,"sceneViewState":{"m_AlwaysRefresh":false,"showFog":true,"showSkybox":false,"showFlares":true,"showImageEffects":true,"showParticleSystems":true,"showVisualEffectGraphs":true,"m_FxEnabled":true},"in2DMode":false,"pivot":{"x":-1.8260676860809327,"y":-0.057231903076171878,"z":1.6732335090637208},"rotation":{"x":0.03584228828549385,"y":-0.9470337629318237,"z":0.29825469851493838,"w":0.1137537956237793},"size":2.516545534133911,"orthographic":false}