{"cameraMode":{"drawMode":0,"name":"Shaded","section":"Shading Mode"},"sceneLighting":false,"audioPlay":false,"sceneViewState":{"m_AlwaysRefresh":false,"showFog":true,"showSkybox":false,"showFlares":true,"showImageEffects":true,"showParticleSystems":true,"showVisualEffectGraphs":true,"m_FxEnabled":true},"in2DMode":false,"pivot":{"x":-3.1915175914764406,"y":-0.038376856595277789,"z":2.2649054527282717},"rotation":{"x":0.08759873360395432,"y":-0.9124330282211304,"z":0.28509968519210818,"w":0.2802935242652893},"size":2.5525083541870119,"orthographic":false}