{"cameraMode":{"drawMode":0,"name":"Shaded","section":"Shading Mode"},"sceneLighting":false,"audioPlay":false,"sceneViewState":{"m_AlwaysRefresh":false,"showFog":true,"showSkybox":false,"showFlares":true,"showImageEffects":true,"showParticleSystems":true,"showVisualEffectGraphs":true,"m_FxEnabled":true},"in2DMode":false,"pivot":{"x":-12.506028175354004,"y":-0.7886064648628235,"z":0.46791118383407595},"rotation":{"x":0.07620565593242645,"y":-0.04410602152347565,"z":0.003377371933311224,"w":0.9961227774620056},"size":2.8123011589050295,"orthographic":false}