{"cameraMode":{"drawMode":0,"name":"Shaded","section":"Shading Mode"},"sceneLighting":false,"audioPlay":false,"sceneViewState":{"m_AlwaysRefresh":false,"showFog":true,"showSkybox":false,"showFlares":true,"showImageEffects":true,"showParticleSystems":true,"showVisualEffectGraphs":true,"m_FxEnabled":true},"in2DMode":false,"pivot":{"x":6.876136779785156,"y":-3.575568675994873,"z":11.420527458190918},"rotation":{"x":0.14747299253940583,"y":0.33927154541015627,"z":-0.05380392447113991,"w":0.9274008274078369},"size":12.356820106506348,"orthographic":false}