{"cameraMode":{"drawMode":0,"name":"Shaded","section":"Shading Mode"},"sceneLighting":false,"audioPlay":false,"sceneViewState":{"m_AlwaysRefresh":false,"showFog":true,"showSkybox":false,"showFlares":true,"showImageEffects":true,"showParticleSystems":true,"showVisualEffectGraphs":true,"m_FxEnabled":true},"in2DMode":false,"pivot":{"x":-11.646422386169434,"y":-0.5718228816986084,"z":-4.501351833343506},"rotation":{"x":0.18515294790267945,"y":-0.06186532601714134,"z":0.011680148541927338,"w":0.9806895852088928},"size":1.0187300443649293,"orthographic":false}