{"cameraMode":{"drawMode":0,"name":"Shaded","section":"Shading Mode"},"sceneLighting":false,"audioPlay":false,"sceneViewState":{"m_AlwaysRefresh":false,"showFog":true,"showSkybox":false,"showFlares":true,"showImageEffects":true,"showParticleSystems":true,"showVisualEffectGraphs":true,"m_FxEnabled":true},"in2DMode":false,"pivot":{"x":-0.004620075225830078,"y":1.5184967517852784,"z":2.9536807537078859},"rotation":{"x":0.21505112946033479,"y":-0.5510604977607727,"z":0.15015468001365663,"w":0.7923439741134644},"size":5.075085163116455,"orthographic":false}