{"cameraMode":{"drawMode":0,"name":"Shaded","section":"Shading Mode"},"sceneLighting":false,"audioPlay":false,"sceneViewState":{"m_AlwaysRefresh":false,"showFog":true,"showSkybox":false,"showFlares":true,"showImageEffects":true,"showParticleSystems":true,"showVisualEffectGraphs":true,"m_FxEnabled":true},"in2DMode":false,"pivot":{"x":0.08519363403320313,"y":1.1685452461242676,"z":2.6983642578125},"rotation":{"x":-0.07802340388298035,"y":-0.043707363307476047,"z":-0.002974600298330188,"w":0.9961236715316773},"size":5.006765365600586,"orthographic":false}