{"cameraMode":{"drawMode":0,"name":"Shaded","section":"Shading Mode"},"sceneLighting":false,"audioPlay":false,"sceneViewState":{"m_AlwaysRefresh":false,"showFog":true,"showSkybox":false,"showFlares":true,"showImageEffects":true,"showParticleSystems":true,"showVisualEffectGraphs":true,"m_FxEnabled":true},"in2DMode":false,"pivot":{"x":-0.12398531287908554,"y":1.6499732732772828,"z":-3.299304485321045},"rotation":{"x":0.12843351066112519,"y":0.03691796958446503,"z":-0.004450530279427767,"w":0.9911397695541382},"size":0.500010073184967,"orthographic":false}