{"cameraMode":{"drawMode":0,"name":"Shaded","section":"Shading Mode"},"sceneLighting":false,"audioPlay":false,"sceneViewState":{"m_AlwaysRefresh":false,"showFog":true,"showSkybox":false,"showFlares":true,"showImageEffects":true,"showParticleSystems":true,"showVisualEffectGraphs":true,"m_FxEnabled":true},"in2DMode":false,"pivot":{"x":-11.896862030029297,"y":-0.6957221031188965,"z":4.088489532470703},"rotation":{"x":0.3454378843307495,"y":0.043614085763692859,"z":-0.016078975051641465,"w":0.93729567527771},"size":2.5985584259033205,"orthographic":false}