{"cameraMode":{"drawMode":0,"name":"Shaded","section":"Shading Mode"},"sceneLighting":false,"audioPlay":false,"sceneViewState":{"m_AlwaysRefresh":false,"showFog":true,"showSkybox":false,"showFlares":true,"showImageEffects":true,"showParticleSystems":true,"showVisualEffectGraphs":true,"m_FxEnabled":true},"in2DMode":false,"pivot":{"x":-11.941448211669922,"y":4.968080043792725,"z":3.3786048889160158},"rotation":{"x":0.008538440801203251,"y":0.7363377809524536,"z":-0.6765447854995728,"w":0.009283112362027169},"size":2.5985584259033205,"orthographic":false}