{"cameraMode":{"drawMode":0,"name":"Shaded","section":"Shading Mode"},"sceneLighting":false,"audioPlay":false,"sceneViewState":{"m_AlwaysRefresh":false,"showFog":true,"showSkybox":false,"showFlares":true,"showImageEffects":true,"showParticleSystems":true,"showVisualEffectGraphs":true,"m_FxEnabled":true},"in2DMode":false,"pivot":{"x":0.02768387272953987,"y":0.12349795550107956,"z":-0.15325401723384858},"rotation":{"x":0.09057702869176865,"y":-0.14275521039962769,"z":-0.01312214694917202,"w":-0.9855572581291199},"size":0.6005206108093262,"orthographic":false}